name,countryId
"Arabian Supply &Architectural contracting Co.ltd. (Asacco)",2
"(WORLD DOOR) Bab Al-Alam Factory Company Limited Branch",2
"(REFCON) The Executive Corporation for Commercial Services, owned by Saeed Ahmed Al Nasha",2
A café on the side serves drinks,2
A café on the side serves drinks ( IN THE SIDE ),2
A casual coffee shop serving drinks,2
A CAUSAL BAKERY,2
A gourmet institution to provide meals,2
A.A. TURKI GROUP OF COMPANIES,2
AARAB COFFEE SHOP,2
AARAB COFFRR SHOP,2
ABDUL AAZIZ AL MOUSA BAKERY ,2
ABDUL AZIZ & AL-SALEIM FOR CONTRACTING,2
Abdul Aziz Al Hureshi For General Contracting Co.KSA Group 20th,2
Abdul Latif ( Branch of Abdul Latif Al-Humin Contracting Est ),2
ABDUL LATIF HAMEEN FOUNDATION,2
ABDUL RAHMAN BIN,2
ABDUL RAHMAN BIN ABDUL AZIZ AL-SALEM DÉCOR EST,2
Abdul Rahman Saad Safi Al-Safi Upholstery and polishing in Khalidiya,2
ABDULAZIZ AL ZAHRANI EST. & AL TAYSEER CAR POLISH UPHOLSTERY,2
Abdul-Jalil Abdullah Al-Masbah Trading Est,2
Abdullah Abdulmajeed Alfaraj Contracting Establishment,2
ABDULLAH AL BARADI TRADING EST.,2
ABDULLAH AL MESBAH CONTRACTING EST,2
ABDULLAH AL OTHAIM MARKETS COMPANY,2
ABDULLAH AL-DOSSARY & PARTNER CO,2
ABDULLAH H.R. AL-GHAMDI EST FOR GENERAL CONTRACTING,2
Abdullah Hassan Al Marhoon,2
ABDULLAH M. ABAHUSSAIN TRADING EST.,2
ABDULLAH S. AL-AIJAN TRADING,2
Abdullah Saleh Al Sultan & Sons Company,2
Abdullah Saleh Al-Sultan and Sons Company,2
ABSHAN DECORATION INDUSTRY,2
ABU TAHSEEN,2
ADEL ALI ABU QRAIN FOR MAINT. & MEND EST.,2
ADEL ALI QRAIN,2
ADEL MUHAMAD AL ROUDHAN FACTORY,2
Adel Muhammad Manea,2
ADKA CONTRATING COMPANY,2
Advanced Imdad Contracting Est,2
AFAAL AL-KHALEEJ EST COMPANY SAUDI ARABIA GROUP,2
AFANDI(CAKE),2
AFAQ FOOD COMPANY,2
Afra Dhafer Mufleh Al Dossary Factory for Industry,2
Agricultural Ibrahim Abdul Rahman Suleiman Al-Khatib,2
Ahmed Abdel Hadi Hamidi Foundation for Operation and Maintenance,2
AHMED ESSA AL ESSA,2
Ahmed Mohamed Farrag General Contracting Establishment,2
AHMED SALEH AL-MANA TRADING EST.,2
Ahmed Sultan Ahmed Al Ghamdi Car Services Est,2
AJEEB CURTAINS & DÉCOR,2
AJLAN GROUP,2
AKNAN SUITS (ALFA ALKHALEEJ CONTRACTING COMPANY),2
AKNAN SUITS (ALFAALKHALEEJ CONTRACTING COMPANY),2
AL AMARA INTERNATIONAL TRADING & CONTRACTNG,2
AL AMTAR,2
AL- ANWAR EASTERN CONTRACTING EST KSA,2
AL ATIKA,2
AL AYUNI TRADING & CONTRACTING CO.,2
AL- AZIZIA PANDA UNITED INC,2
Al Bustan coffee shop to serve drinks,2
Al Dahan contracting company,2
AL DASSARY,2
AL FAHAD CO. TRADING AND CO.,2
"AL FALAK (Branch of Al-Falak Labor Services Company, a closed joint stock company)",2
AL FALAK MANPOWER SERVICE COMPANY,2
Al Faraj Contracting Establishment 75th,2
AL FAWAD,2
AL FHAMDI CAR SERVICES,2
AL- FOZAN WOOD INDUSTRIES CO.LTD,2
AL HAIDER COMPANY FOR TRADING & CONTRACTING,2
AL HAMID,2
Al Hasa Automatic Bakery,2
Al Hattab Skewers Restaurant for serving meals,2
Al Hattab Skewers Restaurant for serving mealsK.S.A,2
AL- HILALI TRADING & CONTRACTING CO.,2
Al Hilali Trading and Contracting Company,2
AL HUSSAN GROUP OF COMPANIES,2
AL JABALEINTRAD AND ROAD CONT.CO.,2
AL JABR CONTRACTING CO.LTD,2
AL JAZEERA 2023,2
Al Jazeera Service Contracting Est,2
AL JUBRAN EST FOR TRADING ,2
Al Kal Beverage Serving Establishment,2
AL KALID SEAD BIN,2
AL KHAIR LANDS TRADNING,2
AL KHALEEJ,2
AL MAIDEN RESTAURENT,2
AL MANAWAR,2
Al Marasy Foundation for General Contracting,2
AL MARDAR,2
AL MARI,2
AL MASAR,2
AL MASHRIK COMPANY,2
Al Mathail International company ,2
Al Mathayel International General Contracting Est,2
AL METAL,2
Al Motamayez Al Satea Car Service Laundry,2
Al Mukhlas Restaurant for Popular Food,2
AL MUKHTAR,2
AL MUSALLAM TRANSPORT,2
"AL OASIS TRANSPORT, ROAD CONSTRUCTION & ROAD MAIN. CO GROUP",2
Al Osos Al-Khaleejiyah (Gulf foundations for general contracting),2
Al Osos Al-Khaleejiyah General contracting co,2
"AL OTHAM INDUSTRIAL MARKETING (LTD, CO)",2
AL QATHANI GROUP,2
AL RAJA PRINTING PRESS,2
AL RAKIAH TRADING,2
AL Saad Iron Steel Factory,2
AL SAAD STEEL FACTORY,2
Al Sadaf Al Khaleeji General Contracting Company is a one person company,2
Al Salama co for Aluminium  & Steel,2
AL SEE LOAT,2
AL SHAIKH,2
Al Tawi Construction and Building Co. Ltd.,2
AL TAYBEEN RESTURANT,2
AL WADILAUNDRY EST.,2
Al Wafra Holding Company for Catering Services,2
AL WAHA,2
Al Weshahia Air Conditioning and Refrigeration Est,2
AL YAMAMAM GENERAL TRADING AND CONT.,2
AL YOUSHUF HOSPITAL,2
AL ZOMORD,2
AL ZUBAIR BIN AL AWAN ST,2
AL-ABTAL SHOWROOM AKKASMA(GYM),2
AL-ADEED INVESTMENT COMPANY,2
Al-Adeel Meal Serving Company,2
Al-Ahan Café serves drinks,2
Al-Ahsa Automatic Bakeries Company Factory,2
Al-Ashq Foundation for serving drinks,2
Al-Ashq Foundation to serve drinks,2
AL-AWAN CONTRACTING & MAINTENANCE CO. LTD.,2
ALBILAD PROJECTS CORPORATION,2
AL-DEL,2
AL-DOSSARY GROUP OF COMPANIES,2
Al-Ezz United Company for Beverages is a one-person company,2
AL-FARISH CONTRACTING EST.,2
AL-FIRAJ,2
AL-GHUNAIM GEENRAL CONTRACTING EST.,2
AL-HABBSFOR CONTRACTING EST,2
AL-HAIDER COMPANY FOR TRADING & CONTRACTING GROUP,2
Al-Haider Trading &contracting company,2
AL-HAMZILFOR CONTRACTING EST,2
Al-Huda contracting Est Group 1st ,2
"ALI AL AJINAH EST,",2
ALI AL SANAN,2
Ali Al-Tarouti Sons Company,2
ALI FIRM,2
ALI HASSAN AL-DAHAN & PARTNER CO.LTD,2
ALI SALMAN ABUSHEEN CONTRACTING EST,2
ali12,2
AL-JAZEERA P.PRESS,2
AL-JAZEERA SERVICES CONTRACTING EST.,2
AL-JAZEERAHTECH.FURNITURE FACTORY,2
Aljazera Al Bina Co,2
AL-JERI GROUP,2
AL-KAABI TRADING ANDCONTARACTING,2
"Al-Khalifa Company for its owners, Mohammed and Abdulaziz Al-Khalifa for Trade and Contracting in Solidarity",2
AL-KHATAF,2
Al-Kuwari Trading,2
ALL SEASON GROUP W.L.L.,2
ALLIED STAR CONTRACTING COMPANY,2
Allied Star Contracting Company Limited  (308198),2
Allied Star Contracting Company Limited (308197),2
Al-Maasoub Engineering Company for Popular Foods,2
Almajal Advanced Services Co,2
ALMANA GENERAL HOSPITAL,2
AL-MARRI TRADING ESTABLISHMENT GROUP,2
AL-MUSALLAM TRANSPORT,2
AL-NAJM AL-THAQIB CONTRACTING CO. (297727),2
AL-NAJM AL-THAQIB CONTRACTING CO.( 305348),2
Al-Najm Al-Thaqib Contracting Company (Autosaved),2
Al-Nakha Al-Tamaa company to provide meals,2
AL-OMARI RESTURANTS TO SERVE MEALS,2
AL-OTHAIM AGRI. PROD,2
AL-OTHAIM REAL ESTATE INV. & DEV.CO.,2
AL-RABIE GENERAL CONTACTING,2
Al-Rafaa Generations General Contracting Company,2
AL-RAFRAF TRASNSPORTATION CO LTD,2
AL-RAJHI PROPERTIES,2
ALRASHED-ABETONG,2
AL-RAWI ARABIAN,2
Alriyada Alsharqia Saudi Arabia Saudi Arabia (Eastern Pioneering General Contracting Corporation),2
AL-SADIQ HOSPITAL SEHAT,2
AL-SALEH GROUP OF TRADING CO.,2
Al-Sard Factory for Industry,2
ALSUWAIKET TRADING AND CONTRACTING,2
AL-TAYYAR TRAVEL GROUP,2
AL-THABIT ESTABLISHMENT FOR TRADING AND CONTRACTING,2
Al-Ukhdood Medical Co General Nurse (Female),2
Al-Ukhdood Medical Complex,2
AL-WADILAUNDRYFOR EXQUISITE CLOTHS CARE,2
Alwan General Contracting Company,2
alzad al tazaj company K.S.A,2
Al-Zaharani,2
AL-ZOMORD AL-ARABIA CONT.EST.,2
Amaar Alsharq Contracting   Company   KSA Group 20th,2
Amaco Arabia Contracting Company,2
AMAL MIX,2
Amal Saleh Mufdi Al Sharari Sweets and Nuts Foundation,2
Amar Advanced Sweets Company is a one person company,2
AMAR MOUSSA,2
AMARA LAUNDRY,2
Amazing car wash,2
Amr Moussa Nakheifi Coffee Roasters,2
Amr Moussa Nakhifi Coffee Roasters,2
AMSAY BAKERIES & GOLDEN LOAVES AUTOMATIC BAKERIES,2
AMTAR ALWTEN EST FOR CONTRACTING.,2
Anamel Building Contracting Est.,2
Anoud Salman Al-Anzi Feed Company,2
ANWAR FAISAL AL-MUTAIB,2
Anwar Faisal Mutab Al-Otaibi General Contracting Establishment,2
ANWAR TARIF CONTRACTING CO. LTD.( ATC,2
anwar tarif contracting company is a one person limited liability company,2
Arab Environment Factory for Paper Products,2
ARAB HOME GROUP,2
Arab Industrial Resources Contracting Company,2
Arab Pearl International Contracting Company,2
"Arab Pearl International Contracting Company, one person",2
Arab Refractories and Contracting Company Limited,2
Arab Street Café to serve drinks,2
ARABAIN MOTORS,2
ARABIAN AGRICULTURAL SERVICES CO.(ARASCO),2
Arabian Geophysical and Surveying Company,2
ARABIAN GULF CONSTRUCTION CO,2
ARABIAN GULF CONSTRUCTION CO FOR TRADING & CONTRACTING,2
ARABIAN REFECTORIES FACTORY CO. (HARARIYAT),2
ARABIAN SUPPLY & ARCHITECTURAL CONTRACTING COMPANY  LTD,2
ARABIAN SUPPLY & ARCHITECTURAL CONTRACTING LTD,2
ARABIC SUPPLY,2
Arai Specialized Chemicals Company,2
Arai Specialized Chemicals Company is a one person company,2
Architectural Roads Corporation for Operation and Maintenance,2
Arfad International Company is a one-person company,2
Arkan Yathrib Transport Corporation,2
ARMAD COMPANY,2
Asala Al Jazeera Cement Products Factory,2
Asalah Al Shorouk Manufacturing Factory,2
Ashraf Issa Ali Al Badn Contracting Est,2
Ashraf Issa Ali Al-Baden Contracting Est,2
Aslaa Al-Shorouq Manufacturing Factory,2
ASMA SEA FOOD RESTAURANT,2
Asrar Al Omda fast food restaurant,2
Asrar Al-Tayseer Foundation for Cars,2
ASRAR AL-TAYSER,2
ASYAD INTERNATIONAL COMPANY LIMITED ,2
Atmosphere Corporation for Car Services,2
Aufua restaurant for meals,2
Awan Hajar Est for household utensils CANCLES,2
AWTAD REAL ESTATE,2
AYAD M.AL-SHAMMARY EST GENERAL BUILDING CONTRACTING,2
AYNNAJM AL-MUBARRAZ,2
AZIZ EUROPEAN PIPE FACTORY,2
BADER M.AL-HAIDER CONTRACTING,2
Bait Al Nazeem Massage Center,2
"Bait Al-Bataen Factory Co., Ltd.",2
Baksha bakery establishment to serve drinks,2
Barakat Salti Foodstuff Est,2
BARBER CHILDREN SHOP COMPANY,2
Barber distinctive symbols for shaving,2
Bashir Mansour Al Qatari Contracting Est,2
BASIR MANSOUR,2
BAZBAZA INTERNATIONAL ESTABLISHMENT,2
Be Bread restaurant for serving meals,2
BEACON,2
BEACON OF EXCELLENCE EST GENERAL CONTRACTING EST,2
BEAUTIFUL RESTAURANTS,2
Beit Al makarem Fast Buffet,2
BEIT AL MAKAREM FAST FOOD BUFFET,2
Beit Al Nazeem Massage Centre,2
BELLALIE ENERGY ANS SPA,2
Better Care Foundation for decoration and polishing,2
Bin Hofan Contracting Company Group 25nd ( Muslim only),2
BINARY (A coffee shop for drinks),2
BINARY COFFEE SHOP FOR DRINKS,2
Black Star Catering,2
BLUE LINE,2
Blue Rays Contracting Company is a one-person company,2
Brew Language Café to serve drinks,2
BURDOG (HOTDOG),2
BURGER ORIGIN,2
Business Speed ​​Professional Corporation,2
Cafe Baqaa Doua for Beverage,2
Canned Beverage Factory Company One Person Company,2
Canned Beverage Factory Company One Person Company (Al-Jabr Group),2
CAPTAINE MARINE,2
Cedar Castle Restaurant for serving meals,2
CEDAR CASTLE RESTURANT FOR SERVING MEALS,2
CG CROP/ GLOBAL (UNITED TRADING CROP),2
Chicken Day restaurants to provide meals,2
Chicken Day restaurants to provide meals 05th,2
CHOCOLATE,2
CITY SANDWICH,2
CLIFF,2
COCO RESTURANT,2
Code car Maintenance Center( Kammar Al-Yamama co),2
COFFEE FLAVOR ( Nakhat Bin Company for providing drinks ),2
Cold Corporation for the sale of ice cream,2
Cold Store for the sale of ice cream,2
COMPLETE,2
CONVALLEY CO,2
Country taste restaurant to serve meals,2
COW RIBS  RESTAURANT TO SERVE MEALS,2
CRISPY MEAL..FAWZA FARHAN MESHAL ALSHAMMARI FAST FOOD RESTAURANT,2
Crystal Enterprises contracting company,2
DAJEN RESTAURANT CHAIN,2
Dalal Abdulhadi Attia Al-Anzi Café to serve drinks,2
Dammam Arabic Restaurant& Kitchen,2
DAMMAM DOME PLASTIC FACTORY CO.LTD. GROUP,2
DANIT ALQTAF COMPANY,2
DANTA Al-KHALEEJ CENTRE GROUP 06TH,2
Dark butterfly Meals Foundation,2
DARK ESTABLISMENT FOR SERVING MEALS,2
Dazzaz Sugar for packing and Paper,2
DEA'J YOUSHEF AL THAWAINI TRAD EST,2
DESTINATION COFFEE SHOP,2
DHAFER M AL ZLAIQ PARTNERS & GENERAL CONTRACTING CO.,2
DHAFER M. AL ZLAIQ&PARTENERSGENERAL CONT CO.,2
DIET FOOD ESTABLISHMENT,2
Diet Foundation for providing meals,2
dipzonia chocolate cafe,2
Distinguished vision company to serve meals,2
DOLOMITE (Branch of the Saudi Dolomite General Contracting Company),2
DOLOMITE 2021,2
Dolomite Company Ltd( GEERCO),2
DOLPHNE STEEL FACTORY,2
Domat Al Ward Trading Est,2
DONG-YEONG ENGINEERING,2
DOOR TO DOOR,2
DORAT AL JARID,2
DREAM RESTAURANT JR'S STEAM BURGER,2
DREAM RESTURANT,2
Durat Al-Naseem Company Limited,2
E &E LIMITED COMPANY,2
EARSA,2
EASTERN AWTAD ENVIRONMENTAL SOLUTION - (ESTEDAMA),2
Eastern Itqan Equipment Rental Establishment,2
EASTERN RECRUITMENT COMPANY,2
EASTERN TRADING AND CONTRACTING GROUP,2
EBDA Al Jubail Gen. Cont. Co,2
Ebdaa Al Jubail General Contracting Company,2
EILAS,2
EL MANDEB CONTRACTING EST.,2
Electrical Solutions General Contracting Company is a one person company,2
ELETRICAL AND TELECOM  COMPANY SAUDI ARABIA,2
Elite Hospitality Restaurant to Serve Meals Group 2th,2
ELYSEE BAKERY,2
ENERGY DEVELOPMENT TRADING & CONTRACTING CO.LTD. (EDCO),2
ENGAZ ALAHSAFOR CONTRACTING,2
Engine Compression Workshop for Car Maintenance,2
Engineering Al-Masoub buffet for popular food,2
ERSA  ELBENA,2
Estidama Environmental Solutions & Contracting Est,2
Ewan Human Resources closed joint stock company,2
EXECUTIVE EST FOR TRADING SERVICES GROUP,2
FABROTECH(AL ESSA),2
FACE CONTRACTING COMPANY,2
Factory  future Metal Industries,2
Factory Afra Zafr Muflah Al-Dossary for Industry,2
Faisal Aida Ibn Saleh Al Qurashi Foundation for catering services,2
FAISAL ELECTRO MECHANICAL CO LTD,2
FAISAL ELECTRO MECHANICAL CO. LTD.,2
FAISAL FAHAD HUSSAIN AL KARI TRANSPORTATION CO.LTD Group 41,2
Faisal Fahd Hussein Al-Kari Transport Company is a one-person,2
Faisal Fahd Hussein Al-Kari Transport Company is a one-person company,2
Falafel principle restaurants to serve meals,2
FASH TECHNICAL CONTRACTING CO.,2
Fash Technical Contracting Company,2
Fast paced contracting est,2
Fatima Daif Allah Al-Suhaimi Foundation,2
FATIMA MOHAMMED BIN HILAL AL FADI GENERAL,2
Favorite fast food sandwich restaurants,2
FAWAZ MUSAAD AL-SHURAIM & BROS CO FOR GENERAL CONTRACTING,2
FAWAZ MUSAAD AL-SHURAIM& BROS CO,2
FAWAZABDULAZIZAL HOKAIR,2
FAYROUZA,2
FAYROUZA RESTAURANT,2
FEMCO-2019,2
FINE DINING COMPANY,2
FIRST FOOD COMPANY,2
FIRST NATIONAL COMPANY FOR HUMAN RESOURCES,2
FIRST REFINERY SOLUTIONS LLC KSA GROUP 50TH,2
FISH RESTAURANT RIYADH,2
Fish Time Foundation wholesale and retail,2
FISH WHOLE,2
Five Moons Company Ltd.,2
FLAME BURGER COMPANY,2
FLANK RESTAURANT ( MAYSOON TAHER AL TAKIYYAH FOUNDATION,2
FLEX SOLUTION SERVICES,2
Follow Me Logistics Company,2
Fore sights world general contracting,2
FOUAD ABDULLA FOUAD GROUP(FAFCO),2
Founder Al-Jury ( Abdullah Amer Al Sarhan Co. Ltd),2
Four plates establishment for serving meals,2
FOURSTAR RESTURANT,2
FOUZ SAAD AL-AFIN AL-ENEZI FOUNDATION TO PROVIDE MEALS,2
Fryeq Ali Al Hyder contracting Company,2
FUJI INTERNATIONAL COMPANY,2
FUN GATE,2
FUTURE AL-JAZEERA,2
Future Metals Factory for Industry,2
FUTURE OF KINGDOM TRADE&CONT.,2
FUTURE OF KINGDOM TRADING&CONTRACTING CO.LTD.,2
FUTURISTIL CARWASH,2
GAZAL TRAILOR,2
GEANT SAUDI LTD,2
GELATO DIVINO ICE CREAM,2
GHADDER AHMAD DAKHIL,2
Ghazal Beverage Serving Establishment,2
Ghazal Corporation for the provision of beverages,2
Ghulam Shabbir Sirajuddin Company( GSSC),2
GOAN TRANSPORT EST SUPPORT SERVICES ON THE ROAD,2
GOLD FOOD  RESTAURANT,2
GRAY FALCON 2019,2
GRAY FALCON TRADING&CONTRACTING CO,2
GREEN EXPREE,2
GRILL CHICKEN,2
Guan Al Shamal Contracting Company is a one person company,2
GULF ACCURECY,2
GULF ADDRESS TRADING & CONTRACTING CO.LTD,2
GULF BROCKERS TRADING & CONTACTING EST.,2
Gulf Broker Trading &contracting,2
GULF CARTON FACTORY,2
GULF CO-OPERATION SYMBOLS CONT.CO.LTD,2
GULF CREATIVE CONCEPT,2
GULF DIAMOND,2
GULF DIMENSIONS TRANSPORTATION EST,2
GULF GALVINIZING INDUSTRIES CO.W.L.L,2
GULF GUIDED CO.LTD GROUP 50TH,2
GULF HOUSE RECRUITMENT COMPANY GROUP 20TH,2
GULF TENT FACTORY',2
Gulf Vision For operation & Maintenance,2
H&A M.AL MARZOUK AL SINAN CO.,2
H.Fallathah trading,2
Habib Trading Company,2
HADI HAMAD AL-HAMMAM CONTRACTING COMPANY,2
HAFIS CHICKEN,2
HAIDER SALEH AL-HAIDER &PARTNERS CO.(HSH & PARTNERS,2
HAIDER SALEH HAIDER,2
HAIF & KAIF CAFÉ-EST JEDDAH KINGDOM OF SAUDI ARABIA,2
HAIF AND KAIF  CAFE,2
Half a point restaurant for serving meals,2
Hamdan Engineering & Construction Saudi Company,2
HAMDAN ENGINEERING & CONSTRUCTION SAUDI CONTRACTING COMPANY GROUP 9TH,2
Hammoud Mohammed Mayah Subai Al Anzi General Contracting Est,2
HAMOUD AL-SAMAH EST GENERAL CONTRACTING,2
HAMTE COMPANY,2
Hanan Ali Mohammed Asiri Transportation Est,2
HANIM RESTAURANT,2
HAPTA,2
Harmony Flavors Contracting Company,2
HASHIM FALLATHAH GEN CONT.,2
Hassan Bin Baqer Al Hussein Contracting Est,2
Hassan Hadi Abdullah Asiri Café to serve drinks,2
Hassan Saad Al Wadaeen General Contracting Company,2
Hassan Saad Al-Wadaeen General Contracting Establishment,2
HATEM A.F AL-ZAHARANI MAINT.& CLEANING EST.GROUP,2
HAWL AL-MADENA BAKERY GROUP 10TH,2
Hayat Al Mumayzaat Catering Services Company is a one person company,2
HEADING HORIZON,2
HERFY FOOD SERVICES CO LTD.,2
High altitude co.,2
HIGH ALTITUDE FOR TRANSPORTATION EST.,2
HIGH ALTITUDE ORGINAL DOCUMENT,2
High Dam General Contracting Company,2
HMB FACTORY FOR METAL PRODUCTS,2
HORIZON DESIGN AND CONTRACTING,2
horizon designing,2
Horizon Food company ( Gelato Divino),2
HRM company Ltd. ( Industrial Project Maintain  and support service,2
HUNGRY DIST,2
Hussain Bin Muhammad Dahneim General Contracting Est,2
Hussain Mohammad Al-Labad for General Contracting Est Group 2th,2
Hussein Ali Al-Muhammad Ali General Contracting Est,2
HYUNDAI HEAVY INDUSTRIES(MARAFIQ PROJECT),2
I PEC KOREAN COMPANY,2
Ibaa Food Company is a one person company,2
IDEAL PRE-CAST COMPANY (SAUDI HADIAD COMPNAY),2
IDEAL PRECASTING COMPANY ,2
Ijaz and Injaz General Contracting Est,2
Imdad Advanced Land Transport Corporation,2
Indian light restaurant for serving meals,2
INDIVIDUAL TRANSFER FOR HUSSEIN IBRAHIM AL-HABIB,2
INDUSTRIAL CONSTRUCTION SERVICES,2
Integrated healthy food company to provide meals,2
IPC,2
IRAQI TASTE RESTAURANT,2
ITGAN AL-AASEMA FACTORY FOR BLASTIC,2
"JADDARAH, WORKFORCE SERVICES COMPANY",2
JAF Arabia Company,2
JAL INTERNATIONAL COMPANY LTD.,2
Jalal Adel Bin Habib Al-Halimi Car Services Workshop,2
Jalal Rahim Bin Abdul Rahman Al Maghribi Café for serving drinks (299698),2
Jalal Rahim bin Abdul Rahman Al Maghribi Contracting Est (299699),2
JAMAAN ABDULLAH M.EST FOR CONTRACTING.,2
JASSIM AL-HAMDAN CONTRACTING EST,2
JAVA TIMES,2
Jawza Nafeh Dhaifallah Al-Harbi Maintenance Est,2
Jazeel Al Ataa Trading Company,2
JAZEERAT BIN,2
Jazirat Al-Binaa Trading Company,2
Jeddah steel factory,2
JEDDAH STEEL FACTORY CO(EASTERN RECRUITMENT COMPANY),2
JEDDHYA BAKERY,2
JEDDHYA STEEL 2019,2
JOAN WEST CAR WASH,2
JOMAN RESTAURANT,2
JOUD AL-AMAL TRADING SERVIES COMPANY,2
JR'S STREAM BURGER,2
JUBAIL CROSS,2
JUICE FLASE,2
Juman Restaurant to serve meals,2
Kafaa Arabia Company for Operation and Maintenance is a one person company,2
Kaisab company Ltd Group,2
KAJ CONTRACTING ESTABLISHMENT,2
KAMAR AL-YAMAMAM CO.GROUP 13RD ,2
Kanoo Terminal Services,2
Kayan Supply Trading Company,2
KFAAH FOR OPERATION & MAINTENANCE,2
Khafif,2
KHAFIF FOOD COMPANY,2
KHALED A.ALMULHEM&BROS. CO,2
KHALIANAHUL DESSERT SHOP,2
KHALID AND ABDUL AZIZ A AL OMRAN CO,2
Khalid Saeed Bin Mohammed Al Qahtani General Contracting Est,2
KIND OF COFEE ESTABLISHMENT TO PROVIDE DRINKS,2
King of Juices chain establishment to provide drinks,2
KINGDOM PAULTRY FARM & AGRICULTURE,2
KISS THE TIRAMISU,2
LA VIEILLE,2
Laila Madi Muhammad Al-Subaie's laundry,2
LAMMAT FOOD,2
LAND SUPPLY,2
LAND SUPPLY CORPORATION,2
Lareen Flowers Foundation for weddings and events,2
LATIF PASTRY,2
LAUNDRY COLD RIVER OF WASHING CLOTHES,2
LE FOURNAIL RESTURANT,2
Leading Horizon General Contracting Est,2
"LEHAM CO FOR TRADING, INDUSTRY& CONTRACTING",2
LIME& SANDLIME BRICKS CO LTD,2
Lina Ali Yahya Al Harbi Architectural Contracting Est,2
Lina Faleh Saeed Al Shahrani Foundation for catering services,2
LIVE STOCK,2
LOALOAT COMPANY,2
Local grill restaurant to serve meals,2
Loloat Al Seeh Transport Est,2
Love Chemistry Foundation for weddings and events,2
Lulu Luxury Food Company to provide meals,2
LUXIRIOUS TASTE ESTABLISHMENT FOR SERVING MEALS,2
Luxury coffee establishment to serve drinks,2
M/S  Hadi Hammad Al-Hammam Holding co,2
M/S  Advanced Imdad Contracting Est ,2
M/S  Al Amara International Trading &contracting Company,2
M/S  Majid Abdul Majeed Al Faraj General Contracting Est,2
M/S  NEW COLD OASIS GROUP,2
M/S  Rukn Al-Emar Contracting Est,2
M/S  taj aljazirah company saudi arabia,2
M/S al khaleej plastic industries saudi arabia,2
M/S Aljedi restaurant and cafe Kuwait 25th,2
M/S Al-Ojaimi Group( Mohammed Al-Ojaimi Trading contracting company) ,2
M/S AL-WADI LAUNDRY FOR EXQUISITE CLOTHS CARE,2
M/S Arabian Trading And Contracting co. WLLC Doha Qatar 10 Group ,2
M/S Atif Rania Laundry for washing clothes 05th( Rajesh sir project),2
M/S Bait Al Nazeem Massage Center,2
M/S Basmah Trading &contracting co Group 27th,2
m/s Bukhari Restaurant Company for services 15 Group ( Rajesh sir project) ,2
M/S Croffle coffee shop serving 05th( Rajesh sir project) ,2
M/S East Forces Transport Corporation 15th ( Rajesh sir project),2
M/S Electrical and telecom company Saudi Arabia 30th ,2
M/S Fine Dining Restaurant& cousin.,2
M/S Gulf Supplies Corporation for Communications and Information Technology,2
M/S Hala canon Foundation to provide meals 10th,2
M/S HAMOUD AL-SAMAH EST GENERAL CONTRACTING,2
M/S High Altitude Transportation co.,2
M/S Hizam Al Qathani Group /K.S.A ,2
M/S Hubrum Company Ltd. Group 27th,2
M/S ICMS Group - International Construction & Manufacturing Services Group 100,2
M/S Innovative fast food food establishment 05th( Rajesh sir projects) ,2
M/S Jaf Arabia company.,2
M/S Khalaf Al-Afaq Est. For logistics servicesGroup 21th ( Rajesh sir project,2
M/S Lamasat Wardah Trading Est 05th( Rajesh sir project),2
M/S MAhmed Mohamed Farrag General Contracting Establishment 10th,2
M/S Manqad Najd Company for providing meals/K.S.A,2
M/S otno coffee shop saudi arabia,2
M/S Petromin corporation saudi arabia 05th( Rajesh sir project) ,2
M/S Prime innovation company saudi arabia 05th( Rajesh project) ,2
M/S Quila of Rice Restaurant to serve meals 05th( Rajesh sir project) ,2
M/S RAWAIYA AL ETIHAD CONT EST.,2
M/S Saeed Bin Ali Bin Hadi Al-Marri Catering Services Establishment,2
M/S Shomukh Al Ajaz Company Limited Group 40,2
M/S Snjoop Restaurant serving for fast food 05th,2
M/S Unicare Pharmaceutical Industry 10th( Rajesh sir project) ,2
M/S Universal Metal Coating Company( Unicoil) Group 10,2
M/S Work Force Saudi Arabia.( Marriott Hotel ) Group 20th Urgent,2
M/S Al-Andalus Hall Company for celebrations,2
M/S. Maher Abdullah Issa Al-Brahim Mechanics Group,2
Madar Al Idea Trading Company,2
MADHISH CLEANEST CAR(AL-MARRI TRADING GROUP),2
mafco industrial and commercia,2
Mahdi bin Abdullah bin Mohammed Jbara Transport Corporation,2
Mahdi Taher bin Muhammad Al-Dakhil Restaurant for serving meals,2
"Maher Abdullah Issa Al-Brahim, mechanics",2
"Maher Abdullah Issa Al-Ibrahim,",2
Maher bin Abdullah bin Issa Al-Ibrahim car maintenance workshop (297977),2
Maher bin Abdullah bin Issa Al-Ibrahim car maintenance workshop (297978),2
MAI OTHAM,2
Maidah Ayda Al Harthi Factory for Plastic Products,2
Main Zam Company for General Contracting,2
Majalat steel Factoty company for Trade and Industry,2
Majd and Wajd Restaurant to serve meals,2
MAJEED ABDULA,2
Majid Abdul Majeed Al Faraj,2
Majid Awad Mohammed Al Otaibi Operation and Maintenance Establishment (298475),2
Majid Awad Mohammed Al Otaibi Operation and Maintenance Establishment (298839),2
Maknaz Investment Company Group 05,2
MAKREM HOUSE FAST FOOD,2
MANAH HASHAN,2
Manal Mansour Bin Moawad Al Raddadi Furniture Washing Est,2
MANARAH AL-JUBAIL CONT. CO.LTD,2
Manqoush restaurant for serving meals,2
Manqoush restaurants for servicing meals,2
MANSOUR SAUD AL-SHAMMARI,2
MANSOUR SAUD AL-SHAMMARI GENERAL CONTRACTING EST.,2
MANSOURAH GULF TRANSPORTATION &  RENTAL EQUIP.CO.,2
MANSOURAH GULF TRANSPORTATION & HEAVY RENTAL EQUIPEMENT CO.,2
MAQNA INDUSTRIAL DEVELOPMENT CO,2
Mariam Ahmed Jaber Al-Maliki Center for Car Maintenance,2
MARMIT,2
Marwan Hassan Bin Ali Al-Ansari Trading Est,2
MASAR OARYA HOFAN,2
Masar Qarya Hotel Apartments Est,2
Masar village apaerments for serviced apartments,2
Mashhour Car Decoration and Polishing Est,2
Massadr Human Resource Services Company,2
MASTER PIECES,2
MATHILAH,2
MAYSOON TAHER,2
Maysoon Taher Al Takiyyah Foundation for General Contracting,2
Mega Contracting Company Ltd.,2
MERMAID EAST G.C,2
Mesaieed Abdullah Al Shamry & Partners Trading & Contracting Co,2
Mesaieed Abdullah Al Shamry & Partners Trading & Contracting Co.,2
MESHAL F.AL-MUQAITEEB FOR GENERAL CONTRACTING,2
MIDDLE EAST ENGINEERING & DEVELOPMENT CO.LTD.,2
MIDDLE EAST STAR GENERAL CONTRACTING Co. Ltd.,2
MIDDLE EAST STAR GENERAL CONTRACTING COMPANY,2
Milan Hotel ( Al-Ghamdi Hotel)  KSA Group 6th,2
Minister's rice restaurant to serve meals,2
MISHARI AHMAD ALNAZAWIAND PARTNER TRADING COMPANY,2
MISHWAR RESTURANT,2
Mission completion contracting company (297975),2
Miteb Bin Hadi Al Hammam Contracting Company (300774),2
Miteb bin Hadi AlHammam Contracting Company(Al-najm),2
"Modern Bait Al Arab Group Co., Ltd.",2
Modern Family Food Supplies,2
Modern Integration Contracting Company,2
MODERN STEEL FACTOR,2
Modern Steel World Factory,2
MODERN TOUCH EST.,2
Mohamed Issa Hassan Zarbatan Café for serving meals,2
Mohammad Al-Jarrallah Equipment & Petroleum Services company,2
MOHAMMAD HASAN AL-YUSHUF DOORS FACTORY,2
Mohammed Al Jarallah Petroleum Equipment and Services Company is a one-person company.,2
MOHAMMED BIN ABDULLAH BIN MOHAMMED AL-KUWARI TRADING,2
MOHAMMED S.SALAMAN GENERAL CONTRACTING.,2
MOHAMNED AHMED,2
MOMAMMED FAHAD AL ASSAIF CONTRACTING EST,2
Mono Café to serve drinks,2
Mosso International General contracting Est),2
MOVENPICK HOTEL AL KHOBAR,2
MS Al-Ojaimi Group( Mohammed Al-Ojaimi Trading contracting company),2
MUBARAK A.AL-HAJRI FOR GENERAL CONTRACTING.,2
MUBARAK BIN BARAK AL-OSAMI CONTRACTING EST,2
MUMTAZ NATIONAL BAKARIES CO.LTD.,2
MUNEER GENERAL CONSTRACTING,2
MUNEER GENERAL CONTRACTING EST,2
Munira Eid Barak Al Otaibi Contracting Est,2
"MUSAED SALEH AL MODAIM,IGH ABDUL",2
Mutab Bin Hadi Al Hamam Contracting Company (308199),2
MUTAIB HADI AL HAMMAM CONT.CO (307752),2
My health restaurant is better for serving meals,2
My Umberlla cafe,2
My Umbrella Café Serves,2
NAC,2
Nadia Eid Hillel Shaman Restaurant to serve meals,2
NADID EID SERVE MEAL,2
NAGHAM ALAZOORY FOR BEVERAGE EST,2
Naif Shanif Salmi Al Otaibi Blacksmith & Aluminum Workshop,2
Najm Al Thaqib Cont. Co.KSA,2
NAJM INSURANCE SERVICES,2
Najm Insurance Services P.O. Box ,2
NAJMA SAEED AL- ZAHARANI WORKSHOP.,2
NAJRAN COMPANY (NGCC),2
Nal Gulf General Contracting Est,2
NAL GULF GENERAL CONTRACTING EST GROUP 5TH VISA,2
"Nal Gulf General Contracting, Industrial Support Services",2
Namaq Company to serve drinks,2
NAMERAL.AL-MORKHEEL EST FOR GENERAL CONT,2
Naouma Touch Trading Company,2
NAPCO COMPOSITE PACKAGING TECHNOLOGY LTD,2
NASAR PLASTIC FACTORY,2
Naseem Al Khaleej Trading Est,2
NASEER A.H. BALHARITH GENERAL CONTRACTING EST,2
Nasma Al Bustan Factory Group 10,2
NASSER AHMED BARKATA TRADING & CONTRACTING EST,2
Nasser Alkheliwi Engineering Office KSA Group 3rd,2
NASSER CAR WASH,2
NASSER PLASTIC FACTORY,2
Nasser Saad Al-Naimi contracting  Est,2
Nasser Saad Nasser Al Nuaimi Contracting Est,2
Nasser Sultan Nasser Maawali General Contracting Est,2
NASSIR AL NAIMI,2
"NASSIR MANA WABRAN CO, & PARTNERS",2
National Blue Company Ltd. (NBC),2
NATIONAL BUILDING COMPANY FOR HOTEL,2
NATIONAL BUILDING COMPANY.(NBC),2
National Capabilities Company for Commercial Services,2
NAWAF,2
NBC 2019,2
NBC 2021,2
NCC,2
Nebras Al Riyadh Contracting Est,2
NESMA& PARTNER CONTRACTING CO.LTD.,2
NEW Middle East Star General Contracting Company,2
NEW SAUDI DOLOMITE,2
NN,2
NOBAL INTERNATIONAL,2
NOFA GALAB,2
"NOHA ,UHAMMAD",2
NOHA MD,2
Noha Muhammad Yahya Hamdi Trading Est,2
NOORYANA,2
NOORYANA APARTMENT & SUITS,2
Northern Countryside Foundation for serving meals,2
NOUN,2
Noura Saleh Dhafer Al-Wadai Restaurant for providing meals,2
OASIS CATERING,2
OLAYAN SAUDI HOLDING COMPANY,2
OLDER ALTLETS'S TRATMENT CENTER,2
OLEVERA RESTURANT,2
OLMAR M.AL-DOSSARY CONTRACTING EST.,2
OMAR S.AL-ZAIDAN./TAZZUR,2
ORIENT CONTRACTORS CONSTRUCTION CO,2
Oriental Pie Corner Restaurant to serve meals,2
ORMA MARBLES,2
Osos United Trading Company is a one person company,2
OTHMAN H.ALGHAMDI,2
OTTE,2
PASTRY BASKET,2
PEARL ARAB CONTRACTING COMPANY,2
PEARL ARABIA CONTRACTING EST,2
Pearl glass And Aluminium Company W.l.l Group 10,2
Petro Lina Fuel Company,2
PETRONASH MANUFACTURING CO.(PETRONASH),2
Pink Ribbon Sweets Shop,2
Planning and Urbanization Corporation for General Contracting,2
PLASTIC AL KHALEEJ FACTORY,2
POTENTIAL,2
POWER TECH. FOR METAL FABRICATIONS (PT-STEEL),2
PRETTY HOME COMPANY,2
PRINCE,2
PROJECT SYSTEM GROUP,2
PROMISING EXCELLENCE GENERAL CONTRACTING EST,2
PROMISING EXCELLENCE SELECTION LIST,2
PROSERVE ABARIA SAUDIA,2
Protein Laboratory Restaurant,2
PURE CALORIES ( Hamid Abdulaziz Hamid Al-Omari restaurants to serve meals ),2
Qabar restaurant for serving meals,2
Qamar Al Yamama Company  05th,2
Qamra Corner Restaurant for serving meals,2
Qatouf North Company for providing meals,2
QUALITY CASTING,2
QUDRAT NATIONAL FOR COMMERCIAL SERVICES,2
QUEEN OF INDIA RESTAURANT,2
RABIYA RESTURENT (Al-Aghar fast food restaurant),2
RADISSON SAS HOTEL,2
Raed Saeed Khelawi Al-Ghamdi Restaurants for Fast Food,2
Raghad Falih Faisal Al-Dosari restaurants to provide meals,2
Raghefa restaurant for serving meals,2
Raghefa restaurant for serving meals 05th,2
RAHAF Zabin Saab Al-Shammari Foundation For contracting,2
RAK GENERAL CONTRACTING EST.,2
RAMAZ UNITED,2
RAMLA BREAD BAKERT,2
RAMOND INTERNATIONAL,2
Ramz Al Awael United Contracting Company,2
Rana Abdullah bin Ibrahim Al-Bassam Foundation for serving meals,2
RASHED AL RASHED& SONS GROUP,2
Rashid Contracting Establishment for its owner Jaber Hamad Rashid Al Marri,2
Raspberry dessert cafe to serve meals,2
Rawabi Ahmed Bin Abdullah Al-Furaij Fast Food Establishment,2
Rawaq Al Wadi Restaurant for serving meals,2
RED BOX,2
red sea cont. est,2
RED SEA PROTABLE MANICURING CO,2
REFACTORY,2
REFACTORY & CONSTRUCTION ABABIA LLC,2
REFCON ( Arabian Refractories and Contracting Company Ltd.),2
Regalraj Food Catering Services Company,2
RENAD GENERAL,2
Restaurants hot food equipment for serving meals,2
REYASH RESTURANT,2
RICE CASTAL,2
Riga raj food catering company Group 30th,2
Ring Calvaro Catering Services Company,2
Riyadh Al-Dana Trading and Contracting Company is a one-person company,2
RIYADH FURNITURE 3,2
Riyadh Furniture Company Factor,2
Riyadh Furniture Factory Company,2
Riyadh Furniture Factory Company 2,2
Riyadh Lobby Company Branch,2
ROCK COFFEE COMPANY,2
Roll map restaurant for serving meals,2
ROMANIYA,2
ROSES LOVE,2
ROSSO LOUNDGE,2
ROYAL DESIGN,2
Rukn Al-Emar Contracting Est,2
RUQAYYAH NGHIMISH RESTURANT,2
SAAD AL-GHATANI FACTORY FOR FABRICATION JUBAIL,2
SAAD KHALAF ANZI JUICES,2
SAAD SAIF AL-NAIMI & PARTNERS CO.LTD.,2
Saad Saif Al-Naimi Transport Est Group 4th,2
SAAD SAIF AL-NAIMI TRANSPORTATION EST,2
SAADSAIF AL-NAIMI CONTRACTING EST,2
Saarah Group of Companies,2
SAEED BIN SAAD AL-GHAMDI TRADING & CONTRACTING CO,2
SAEL SAUDI L.L.C.,2
SAFA SUPPLIES TRADING,2
Safan EST,2
Safana buffet to serve meals,2
SAFETY & SECURITY,2
SAFWA GLASS FACTORY,2
Sahaib Al-Aamar General Contracting Est,2
SAHEL MAINTAIN AND CLEANING COMPANY,2
SAHIL COMPANY,2
SAIF RAHIMA CONTRACTING,2
SAIFSAID AL-NAIMI& PARTNERS CO.LTD.,2
SAIHAT GYM,2
SALEH AL-JUHNI SONS CO FOR TRADING,2
SALEH AL-SANNAN CONTRACTING EST,2
Saleh Mohammed Bin Ali Al-Har Foodstuff Est,2
Salem Ahmed Al-Haider,2
SALEM BIN ALI AL-OMAR GENERAL ,2
SALEM BIN ALI-AL OMAR GEENRAL CONTRACTING COMPANY,2
SALEM MOHAMAD SALEM,2
SAM UNITED TRANSPORT AND LOGISTICS COMPANY ONE PERSON,2
SAMART INDUSTRAIAL,2
SAMCON INDUSTIRAL SOLUTIONS,2
Sandwich Trading Company,2
SARAH ANWAR BIN MOHAMMAD,2
Sarah Anwar Bin Mohammed Al Mulla,2
sari Emirates Contracting Establishment  (310190),2
sari Emirates Contracting Establishment (310192),2
SASMEEMAR CONTRACTING & TRADING EST,2
Sattam Farhan Al Shammari Contracting Est,2
SAUDI CRYPRIAN,2
Saudi Cycle Company,2
"SAUDI CYPRIAN CONSTRUCTION CO.LTD.,",2
SAUDI CYPRIN 2021,2
SAUDI FISHER COMPANY,2
SAUDI FRIENDS 2019,2
SAUDI FRIENDS ENGINEERING & CONST. CO.LTD. (SEFEC),2
SAUDI HYDRODYNAMICS COMPANY LTD,2
SAUDI HYDRONAMICS CO. LTD,2
SAUDI MANPOWER COMPANY(SMASCO),2
Sawahil Al Khobar General Contracting Est,2
Second Food Corporation for fast food,2
second food corpraration,2
SEDAR GROUP TRADING AND CONTRACTING CO.,2
SELECETED FLAVOUR RESTURANT,2
Selected flavors restaurant for serving meals,2
Self-cleaning car wash,2
SERVICE,2
Shaar Al Sharq General Contracting Establishment,2
SHAFIQ CONTRACTING COMPANY GROUP,2
Shafiq Contracting Company is a one person company,2
SHAHD HAM ZA BIN,2
SHAHD ZABIN SAAB AL-SHAMRY,2
Shahi Qirat Beverage Serving Company,2
SHAJAA ZAYED TARIKH AL OTAIBI CONTRACTING ESTABLISHMENT,2
SHAMIYA RETURANT TO SERVE MEALS,2
Shan Arab Contracting Company One Person,2
"Shan Arabian Contracting Company, one person Group 25th",2
SHAN INTERNATIONAL HVAC CONTRACTING AND MAINTENANCE,2
SHARIDA ABDUL,2
Sharifa Abdul Rahman Muhammad Al-Qarni Grocery for foodstuffs,2
Sharifa Ali Ahmed Marei Foundation for vegetables and fruits,2
Shawarma and Lord Pie restaurant for serving meals,2
Shiraz kebab restaurants to serve meals,2
SHMOUK NEW BUILDINGS CONTRACTING COMPANY,2
SHMOUKH,2
SHMOUKH 2021,2
Shore restaurants to provide meals,2
SHWARMA HOUSE,2
Silo United Trading Company,2
Simple Future Establishment for General Contracting,2
Smart Touch Company Limited is a one person company,2
SOUK AL KHAYAL,2
SPECIALIZED GLOBAL RESOURCE EST,2
Speed Architectural Technology Co,2
Spring Falls ( Ismail Ibrahim Al-Madh Trading Establishment ),2
STAR OF KINGDOM,2
Strength and Health Restaurant for serving meals,2
SULACO TRADING COM,2
Sulaco Trading Company,2
SULAIMAN A.AL RAJHI TRADING COMPANY,2
SULTAN SAEED AL ZAHRANI GENERAL CONTRACTING EST. GROUP 20TH ,2
SUNGCHANG& AL SHAIKH CONTRACTING CO.LTD,2
sure choice general contracting,2
SURE RESTURANT,2
Sweet Taste Sweets Factory,2
TAAZUR GENERAL CONTRACTING COMPANY LTD.,2
TAAZUR-NAIF,2
Table Four contracting commonly co. Ltd. Group 32,2
Taj aljazirah company,2
TAJAJ CONT,2
Take Restaurant Hanan Ayedh Abdullah Al Mohsen,2
TAKHALIDGENERAL CONTRACTING EST.,2
TAMEER & ENSHA ( TERHAL SUITES FOR RESIDENTIAL UNITS),2
Tameer &Ensha,2
TANDOORI HOUSE RESTAURANT ,2
TARA AL ARBAIAN,2
TAREK NASSIR,2
TARIK NASIF 2021,2
TASTE OF HARMONY (Harmony Flavors Contracting Company),2
TASTE OF HARMONY RESTAURANT ,2
TDAU BROAST BURGER,2
TEAM LIFTING COMPANY,2
TECHNICAL CONTRACTING COMPANY,2
Technical Marine contracting company TM Group 5th,2
Thamarat Al Nutritional Establishment for Catering Services,2
Thamer Abdullah Dakhil Al Hamyani Architectural Contracting Est,2
thasal contraction,2
THE BEST FOOD EASTABLISMENT,2
THE BOWL IS  A ONE PERSON  COMPANY,2
THE DIFFERENT CAFE,2
"The Empty Quarter Gas Station, Kelfout Al Rashidi Khanate",2
The Kingdom Factory for Industry,2
The most delicious Karak fast food restaurants,2
THE SAUDI ICE CREAM FACTORY(KWALITY),2
THE TWO CAFE,2
THEABLOTON GENERAL,2
Top Cleaner Laundry for Laundry,2
Topaz restaurant,2
TOUCH OF ART,2
Trek Beverage Service,2
trysmood Café to serve drinks,2
TWO GAZEEEL SERVE DRINKS,2
UBL ( Universal Bridge Logistic co,2
UMM PIES CATERING COMPANY,2
UNICARE INDUSTRY,2
UNICOIL,2
UNION COILS,2
UNITED FOOD,2
UNITY STEEL FACTORY,2
UNSUCESS PROJECT,2
Verdi's Meal Service,2
VICTORIA SECRET,2
Vision Auto Services Company,2
Vision Towers Contracting Est,2
WADI AL-NAHIL TRADING EST GROUP 3 VISAS.,2
WDOOHALHADAF TRADING & CONTRACTING (CLEAR TARGER),2
WEJDAN (Hassan Mohammed bin Jassim Shalfah General Contracting Est),2
Wejdan Mohammed bin Salman Al Obaid General Contracting Est,2
WESHAHIA AIR CONDITINING,2
WESTER STEEL FACTORY  2021,2
Western Joan Car Wash,2
WESTERN STEEL INDUSTIRES COMPANY(JEDDAH STEEL FACTORY),2
Wood Magic Modern Decoration,2
WORK FORE (Manpower Company for Logistics Services),2
World Legends Contracting Company is a one person company,2
YOUNISH HABIB,2
YOUSEF ABDULLAH BIN ALI AL SMAIL TRADING,2
YOUSEF ABDULMUHSEN AL-TAMIMI CO.,2
YOUSSEF BINKHAMEES FACTORY FOR GOLD AND JEWELLERY,2
ZAHARA AL-NAWARN CONTRACING COMPANY,2
ZAHARANI,2
Zahraa Abkar Gibran Gibran Café serves drinks,2
Zaman Al-Qaim Factory for Industry,2
ZAMANAT CONTRACTING INDUSTRIAL SERVICES EST(ZATCO),2
ZOUK AL KHAYAL,2